Title: "Apple iPhone 12, 128GB, Black - Fully Unlocked (Renewed)"
Prize: $433.77

Title: "Total by Verizon iPhone 11, 64GB, Black - Prepaid Smartphone (Locked)"
Prize: NA

Title: "Apple iPhone 12 Pro Max, 512GB, Graphite - Unlocked (Renewed Premium)"
Prize: NA

Title: "Apple iPhone 11 Pro, 64GB, Midnight Green - Unlocked (Renewed)"
Prize: $335.95

Title: "Apple iPhone XS, US Version, 256GB, Space Gray - Unlocked (Renewed)"
Prize: $230.86

Title: "SAMSUNG Galaxy S21+ Plus 5G Factory Unlocked Android Cell Phone 128GB US Version Smartphone Pro-Grade Camera 8K Video 12MP High Res, Phantom Silver"
Prize: NA

Title: "Google Pixel 6a - 5G Android Phone - Unlocked Smartphone with 12 Megapixel Camera and 24-Hour Battery - Sage"
Prize: NA

Title: "Apple iPhone 13 Pro Max, 128GB, Sierra Blue - Unlocked (Renewed)"
Prize: $829.00

Title: "Apple iPhone 12 Pro, 256GB, Gold - Unlocked (Renewed Premium)"
Prize: NA

Title: "Vbestlife IP12 PRO Unlocked Android Smartphone,6.26in Waterdrop Full Screen Dual SIM Cell Phone,Ultra Thin Mobile Phone Supports Face Fingerprint Unlocking,Quad Core CPU,Triple Rear Camera Black"
Prize: $129.99

Title: "redmi Xiaomi Note 10 Pro 4G Volte 128GB + 6GB Factory Unlocked 6.67"" 64MP Quad Camera Night Mode (not Verizon Sprint Boost Cricket) (w/Fast Car Charger Bundle) (Glacial Blue)"
Prize: $230.00

Title: "Hipipooo Super Small Mini Smartphone 3G Dual SIM Mobile Phone 1GB RAM 8GB ROM Android 6.0 Unlocked Kids Phone Pocket Cellphone (Black)"
Prize: $56.69

Title: "Unlocked Cell Phones 3G, IP12 PRO+ Unlocked Smartphone Smart Phone, 6.26"" Waterdrop Screen, Dual SIM, 1GB RAM + 8GB ROM, 2MP + 5MP, Quad-Core Android 5.1, Fingerprint Lock &amp; Face ID, GPS, WiFi(Green)"
Prize: $112.05

Title: "Hipipooo Super Small Mini Smartphone 3G Dual SIM Mobile Phone 1GB RAM 8GB ROM Android 6.0 Unlocked Kids Phone Pocket Cellphone (Black)"
Prize: $56.69

Title: "Unlocked Cell Phones 3G, IP12 PRO+ Unlocked Smartphone Smart Phone, 6.26"" Waterdrop Screen, Dual SIM, 1GB RAM + 8GB ROM, 2MP + 5MP, Quad-Core Android 5.1, Fingerprint Lock &amp; Face ID, GPS, WiFi(Green)"
Prize: $112.05

Title: "ASHATA Unlocked Android Smartphone Cellphone 6.26in Full HD Waterdrop Screen, 2G/3G Cellphone, Camera Front 2MP Rear 2MP, 1GB + 8GB + 128GB Extended Memory, 1950mah Fast Charging (Green)"
Prize: $121.82

Title: "Dilwe 12Pro MAX Unlocked Cellphone, 6.26in HD Screen Mobile Phone, 1+8G SIM Slots Smartphone for Android 8.1 (Green)"
Prize: $122.00

Title: "Moto G Stylus | 2022 | 2-Day battery | Unlocked| Made for US by Motorola | 6/128GB | 50MP Camera | Twilight Blue"
Prize: NA

Title: "Apple iPhone 11 Pro Max, 64GB, Midnight Green - GSM Unlocked (Renewed Premium)"
Prize: NA

Title: "SAMSUNG Galaxy Z Fold 4 Cell Phone, Factory Unlocked Android Smartphone, 512GB, Flex Mode, Hands Free Video, Multi Window View, Foldable Display, S Pen Compatible, US Version, Gray Green"
Prize: NA

Title: "redmi Xiaomi Note 10 Pro MAX 4G Volte 128GB + 6GB Factory Unlocked 6.67"" 108MP Quad Camera Night Mode (not Verizon Sprint Boost Cricket) (w/Fast Car Charger Bundle) (Dark Night)"
Prize: $279.99

Title: "Danzel Cute Case for iPhone 12, Scattered Mickey Mouse Sparkle Bling Cover, Wrist Strap Kickstand Soft TPU Shockproof Protective for iPhone 12 (iPhone 12)"
Prize: $7.99

Title: "SAMSUNG Galaxy S21 FE 5G Cell Phone, Factory Unlocked Android Smartphone, 128GB, 120Hz Display Screen, Pro Grade Camera, All Day Intelligent Battery, US Version, Graphite"
Prize: NA

Title: "Xiaomi Redmi Note 10 Pro (128GB, 6GB) 6.67"", Snapdragon 732G, 5020mAh Battery, Dual SIM GSM Unlocked Global 4G LTE (T-Mobile, Metro, Global) International Model (Fast Car Charger Bundle, Onyx Gray)"
Prize: $233.58

Title: "SAMSUNG Galaxy S21 FE 5G Cell Phone, Factory Unlocked Android Smartphone, 128GB, 120Hz Display Screen, Pro Grade Camera, All Day Intelligent Battery, US Version, Graphite"
Prize: NA

Title: "Xiaomi Redmi Note 10 Pro (128GB, 6GB) 6.67"", Snapdragon 732G, 5020mAh Battery, Dual SIM GSM Unlocked Global 4G LTE (T-Mobile, Metro, Global) International Model (Fast Car Charger Bundle, Onyx Gray)"
Prize: $233.58

Title: "Xiaomi Mi 11 Lite NE 5G + 4G LTE Volte Global Unlocked GSM 64MP Triple Camera Worldwide GSM w/Fast Car Charger (Bubblegum Blue, 128GB+6GB)"
Prize: $289.00

Title: "OnePlus Nord N200 | 5G Unlocked Android Smartphone U.S Version | 6.49"" Full HD+LCD Screen | 90Hz Smooth Display | Large 5000mAh Battery | Fast Charging | 64GB Storage | Triple Camera,Blue Quantum"
Prize: NA

Title: "SAMSUNG Galaxy Z Flip 3 5G Factory Unlocked Android Cell Phone US Version Smartphone Flex Mode Intuitive Camera Compact 128GB Storage US Warranty, Green"""
Prize: NA

Title: "PRO+ Unlocked Smartphones 3G, 6.26in HD Full Fit Screen Cell Phone, 1GB+8GB Quad-Core Mobile Phone for Android, Face Unlock, WiFi+BT+FM+GPS, Dual Card Dual Standby Cell Phone for Kids Seniors(Golden)"
Prize: $135.99

Title: "Moto G Power | 2021 | 3-Day battery | Unlocked | Made for US by Motorola | 4/64GB | 48MP Camera | Gray"
Prize: NA

Title: "Bewinner IP13 Pro Max Unlocked Cell Phone, 6.1 Inch 3GB 32GB Dual Sim Unlocked Smartphone with Face Recognition, 10 Core CPU Mobile Phone for Android(Gold)"
Prize: $80.10

Title: "GooPhone 14Max 6.7 inch (512GB,12GB) Factory Unlocked Cell Phone - Sliver - International Version No Warranty"
Prize: NA

Title: "Moto G stylus | 2021 | 2-Day battery | Unlocked | Made for US by Motorola | 4/128GB | 48MP Camera | Black"
Prize: NA

Title: "Mini Smartphone iLight 11 Pro Max The World's Smallest 11Pro Android Mobile Phone Super Small Micro 2.5"" Touch Screen Global Unlocked Great for Kids 1GB RAM / 8GB ROM Tiny iPhone XI Pro Max Look Alike"
Prize: $62.90

Title: "Moto G stylus | 2021 | 2-Day battery | Unlocked | Made for US by Motorola | 4/128GB | 48MP Camera | Black"
Prize: NA

Title: "Mini Smartphone iLight 11 Pro Max The World's Smallest 11Pro Android Mobile Phone Super Small Micro 2.5"" Touch Screen Global Unlocked Great for Kids 1GB RAM / 8GB ROM Tiny iPhone XI Pro Max Look Alike"
Prize: $62.90

Title: "Apple iPhone XS Max, 512GB, Gold - Unlocked (Renewed Premium)"
Prize: NA

Title: "I13pro Max Unlocked Cellphone, 6.1Inch IPS FD Screen 4G 64G Dual SIM 4G Net for Android 11 Unlocked Smartphone Support 128G Card 4000mAh Battery(Blue)"
Prize: $120.00

Title: "Sudroid Mini Smartphone,Child Phone SOYES The World's Smallest Cell Phone 2.5 Inch Android Small Phone Quad Core 1G+8G 5.0MP Dual SIM High Definition Mini Phones Unlocked 3G Mobile Phone (Black)"
Prize: $75.99

Title: "Motorola Razr 5G | Unlocked| Made for US by Motorola | 8/256GB | 48MP Camera | 2020 | Blush Gold"
Prize: $924.99

Title: "Samsung Galaxy A12, International Factory Unlocked, 64 GB, Blue Color, 48 Camera, 5,000 Battery,New"
Prize: $168.00

Title: "Azumi iPhone 6S 64GB Unlocked ATT Tmobile Verizon - Rose Gold"
Prize: NA

Title: "Motorola Edge | 2021 | 2-Day battery | Unlocked | Made for US by Motorola | 8/256GB | 108MP Camera | Nebula Blue"
Prize: NA

Title: "TracFone Nokia C100, 32GB, Blue - Prepaid Smartphone (Locked)"
Prize: NA

Title: "TCL 10 SE Unlocked Android Smartphone, 6.52"" V-Notch Display, US Version Cell Phone with 16 MP AI Triple-Camera 4GB + 64GB, 4000mAh Fast Charging Battery, ICY Silver (Not Compatible with Verizon)"
Prize: $149.99

Title: "TracFone Nokia C100, 32GB, Blue - Prepaid Smartphone (Locked)"
Prize: NA

Title: "TCL 10 SE Unlocked Android Smartphone, 6.52"" V-Notch Display, US Version Cell Phone with 16 MP AI Triple-Camera 4GB + 64GB, 4000mAh Fast Charging Battery, ICY Silver (Not Compatible with Verizon)"
Prize: $149.99

Title: "Xiaomi Mi 11 Lite (128GB, 6GB) 6.55” 90HZ AMOLED, 64MP Triple Camera, Snapdragon 732G, Dual SIM GSM Unlocked (US + Global) 4G LTE International Version (Fast Car Charger Bundle, Bubblegum Blue)"
Prize: $329.99

Title: "Sony Xperia 1 II Unlocked Smartphone"
Prize: NA

Title: "Google Pixel 6 – 5G Android Phone - Unlocked Smartphone with Wide and Ultrawide Lens - 256GB - Stormy Black"
Prize: $629.00

Title: "Xiaomi Mi 11 Lite 5G NE Unlocked Cellphone, 5G + 4G LTE Volte Smartphone,8GB + 128GB,White"
Prize: $313.99

Title: "6.1"" Pro Unlocked Cellphone, 4GB 64GB Dual SIM Card 4G Network Mobile Phone, Face ID Unlocked Smartphone for Android 11 4000mah Battery(6.1"" Black)"
Prize: $123.00

Title: "Dilwe1 i12 Pro MAX Unlocked Smartphone,6.7in HD Bang Screen Mobile Phone,1+8G Dual Sim Cell Phone Support 128G Memory Card for Android 6.0 Black(US)"
Prize: $130.99

Title: "Google Pixel 6 Pro - 5G Android Phone - Unlocked Smartphone with Advanced Pixel Camera and Telephoto Lens - 256GB - Cloudy White"
Prize: NA

Title: "Xiaomi 11T PRO 5G + 4G Global Version (256GB, 8GB) 6.67” 108MP Triple Cam, NFC SIM (Not Compatible Verizon Sprint Boost Metro Cricket) GSM Unlocked Global (w/Fast Car Charger Bundle) (Celestial Blue)"
Prize: $427.00

Title: "SAMSUNG Galaxy A12 Black, 64GB, 4 GB Ram, 5,000 Battery, 6.5 inches Display, 48 Camera, Factory Unlocked 4G"
Prize: $163.00

Title: "Xiaomi 11T PRO 5G + 4G Global Version (256GB, 8GB) 6.67” 108MP Triple Cam, NFC SIM (Not Compatible Verizon Sprint Boost Metro Cricket) GSM Unlocked Global (w/Fast Car Charger Bundle) (Celestial Blue)"
Prize: $427.00

Title: "SAMSUNG Galaxy A12 Black, 64GB, 4 GB Ram, 5,000 Battery, 6.5 inches Display, 48 Camera, Factory Unlocked 4G"
Prize: $163.00

Title: "Xiaomi Redmi Note 11 Pro 5G + 4G Volte 128GB + 6GB Factory Unlocked 6.67"" 108MP Camera Night Mode (Not Verizon Sprint Boost Cricket Metro At&amp;T) + (w/Fast Car Charger Bundle) (Graphite Gray)"
Prize: $284.00

Title: "Samsung Galaxy Note 20 Ultra 5G, 128GB, Mystic Black - Fully Unlocked (Renewed Premium)"
Prize: NA

Title: "Google Pixel 7 Pro - 5G Android Phone - Unlocked Smartphone with Telephoto Lens, Wide Angle Lens, and 24-Hour Battery - 256GB - Obsidian"
Prize: NA

Title: "Xiaomi Redmi Note 10 Pro | 128GB 6GB RAM"
Prize: $226.75

Title: "SAMSUNG Samsung Galaxy A12 (A125M) 64GB Dual SIM, GSM Unlocked, (CDMA Verizon/Sprint Not Supported) Smartphone Latin American Version No Warranty (Black)"
Prize: $166.50

Title: "Blackview Android Phone, A80S Unlocked Phones, 4G Dual Sim Unlocked Cell Phones, 4GB+64GB/ SD 128GB Expandable Unlocked Smartphones, 4200mAh Battery, 6.2"" HD+Face ID/Fingerprint Unlock T-Mobile Phone"
Prize: $119.99

Title: "TCL 30 SE |2022| Unlocked Cell Phone 4+128GB, 6.52'' Android Phone GSM Unlocked Smartphone with 50MP Camera, 5000mAh, Single SIM, US Version, Space Gray(Not Support Verizon/Boost/Sprint/5G/NFC)"
Prize: $149.99

Title: "OUKITEL C22 Unlocked Cell Phones (2021 New) 128GB/4GB Android 10 Unlocked Smartphones with 256GB Expandable 5.86'' 4000mAh Face ID + Fingerprint GSM 4G LTE Dual Sim International Version"
Prize: $155.99

Title: "SAMSUNG Galaxy A03S 4G LTE (NOT 5G) 6.5"" HD+ Triple Camera 5000mAh Battery, Dual Sim GSM Unlocked Global 4G Volte (NOT VERIZON/Boost) International Model A037M/DS (Black, 32GB+3GB)"
Prize: $121.00

Title: "OUKITEL C22 Unlocked Cell Phones (2021 New) 128GB/4GB Android 10 Unlocked Smartphones with 256GB Expandable 5.86'' 4000mAh Face ID + Fingerprint GSM 4G LTE Dual Sim International Version"
Prize: $155.99

Title: "SAMSUNG Galaxy A03S 4G LTE (NOT 5G) 6.5"" HD+ Triple Camera 5000mAh Battery, Dual Sim GSM Unlocked Global 4G Volte (NOT VERIZON/Boost) International Model A037M/DS (Black, 32GB+3GB)"
Prize: $121.00

Title: "RCA Reno Smartphone, 4G LTE, 16GB, Android 11, Black - GSM Unlocked"
Prize: $59.49

Title: "Motorola Moto Revvlry + / G7 Plus | Made for The USA 4/64GB | 16MP Dual Camera System | Black t-Mobile"
Prize: $79.00

Title: "6.1"" Pro Unlocked Cellphone, 4GB 64GB Dual SIM Card 4G Network Mobile Phone, Face ID Unlocked Smartphone for Android 11 4000mah Battery(6.1"" Black)"
Prize: $123.00

Title: "BLU F91 5G | 2022 | 3-Day Battery | Unlocked | 6.8” Full HD+ Display | 128/8GB | 48MP Quad Camera | NFC Capable | US Version | US Warranty | Sky Blue"
Prize: $229.99

Title: "SAMSUNG Galaxy A03 Core (SM-A032/DS) Dual SIM 32GB/ 2GB RAM, GSM Unlocked International Version - No Warranty - Black"
Prize: $100.98

Title: "OnePlus 8T Lunar Silver, 5G Unlocked Android Smartphone U.S. Version, 256GB Storage + 12GB RAM, 120Hz Fluid Display, Quad Camera"
Prize: NA

Title: "Samsung Galaxy S10+ Plus SM-G975F/DS, 4G LTE, International Version (No US Warranty), 128GB+8GB RAM, Prism White - GSM Unlocked"
Prize: NA

Title: "Cell Phone Card Holder Stick on Wallet Phone Pocket for iPhone, Android and All Smartphones (Caramel)"
Prize: $9.99

Title: "Samsung Galaxy S10+&nbsp;Factory Unlocked Android Cell Phone | US Version | 512GB of Storage | Fingerprint ID and Facial Recognition | Long-Lasting Battery | Ceramic White"
Prize: NA

Title: "Cell Phone Card Holder Stick on Wallet Phone Pocket for iPhone, Android and All Smartphones (Caramel)"
Prize: $9.99

Title: "Samsung Galaxy S10+&nbsp;Factory Unlocked Android Cell Phone | US Version | 512GB of Storage | Fingerprint ID and Facial Recognition | Long-Lasting Battery | Ceramic White"
Prize: NA

Title: "BLU G90 Pro | 2021 | 3-Day Battery | Unlocked | 6.5” Full HD+ Display | 128GB | 48 MP Quad Camera | US Version | US Warranty| Purple Haze"
Prize: $149.99

Title: "SANSHREUNI 4G Smartphone Unlocked, 4G+128GB Dual Sim Cell Phones, 6.8inch Waterdrop Screen C21 Unlocked Mobile Telefono, Android Unlocked Phone 24+48 MP | 5000mAh | Fingerprint Lock &amp; Face ID (Green)"
Prize: $169.99

Title: "Yoidesu 4G Unlocked Smartphones,I14pro 6.1in Dual SIM Mobile Phones,3GB RAM 64GB ROM,8MP 16MP Dual Camera,4000mAh Battery Cheap Phones with 128G Expansion(Blue)"
Prize: $107.04

Title: "Nokia G50 5G | Android 11 | Unlocked Smartphone | US Version | 4/128GB | 6.82-Inch Screen | 48MP Triple Camera | Ocean Blue"
Prize: NA

Title: "Xiaomi Redmi Note 11 Pro+ Plus 5G + 4G Global Version 256GB + 8GB Unlocked 6.67"" 108MP Night Mode (Only Tmobile/Metro/Mint USA Market) + (w/Fast Car Charger 51w Bundle) (Graphite Gray)"
Prize: $439.89

Title: "KXD Android Phone Unlocked 6A Cell Phones Unlock Dual SIM - 3G Smartphones Full-Screen - 1+8GB/ 64GB Extension - Face ID - 8MP+5MP Camera - Red"
Prize: $57.99

Title: "Google Pixel 4a - Unlocked Android Smartphone - 128 GB of Storage - Up to 24 Hour Battery - Just Black"
Prize: NA

Title: "SAMSUNG Galaxy A73 5G Dual A736B 128GB 8GB RAM Factory Unlocked (GSM Only | No CDMA - not Compatible with Verizon/Sprint) – Awesome Grey"
Prize: $442.50

Title: "Azumi iPhone 6S 16GB Unlocked, Silver ATT Tmobile Speed Talk"
Prize: NA

Title: "SAMSUNG Galaxy A73 5G Dual A736B 128GB 8GB RAM Factory Unlocked (GSM Only | No CDMA - not Compatible with Verizon/Sprint) – Awesome Grey"
Prize: $442.50

Title: "Azumi iPhone 6S 16GB Unlocked, Silver ATT Tmobile Speed Talk"
Prize: NA

Title: "OUKITEL C21 Pro Unlocked Smartphones 21MP Triple Camera Mobile Phone 6.39"" HD+ Unlocked Cell Phones 4GB + 64GB/256GB External SD 4000mAh Battery Android 11 Dual SIM/OTG/GPS/WiFi"
Prize: $109.99

Title: "NUU B20 5G | Unlocked Android Smartphone | 6.5” FHD+ Display | 90Hz Refresh Rate | 48MP Triple Camera | 128GB + 8GB RAM | 5000mAh Battery | 18W Fast Charge | Android 12 | Stardust Blue…"
Prize: $199.90

Title: "Sony Xperia Pro-I Dual-SIM 512GB ROM + 12GB RAM (GSM only | No CDMA) Factory Unlocked 5G Smartphone (Frosted Black) - International Version"
Prize: NA

Title: "Moto G Stylus | 2021 | 2-Day Battery | Unlocked | Made for US by Motorola | 4/128GB | 48MP Camera | White"
Prize: NA

Title: "Sony Xperia 5 III XQ-BQ72 5G Dual 256GB 8GB RAM Factory Unlocked (GSM Only | No CDMA - not Compatible with Verizon/Sprint) International Version – Black"
Prize: NA

Title: "Sony Xperia 1 IV 512GB 5G Factory Unlocked Smartphone [U.S. Official w/Warranty]"
Prize: NA

Title: "Ulefone Armor 8 Rugged Cell Phones Unlocked, Waterproof Phone 4GB RAM 64GB ROM 256GB Expansion, 16MP+5MP+2MP Camera, Android 11 Octa-core, 6.1 inch Display, NFC, OTG, GPS, 5G WiFi, Global Version, Red"
Prize: $189.99

Title: "Xperia PRO-I 5G smartphone with 1-inch image sensor, triple camera array and 120Hz 6.5” 21:9 4K HDR OLED Display - XQBE62/B"
Prize: NA

